Mutant,test16,test15,test14,test13,test12,test56,test11,test55,test10,test54,test53,test19,test18,test17,test52,test51,test50,test05,test49,test04,test48,test03,test47,test02,test46,test01,test45,test00,test44,test43,test42,test09,test08,test07,test06,test41,test40,test38,test37,test36,test35,test34,test33,test32,test31,test39,test30,test27,test26,test25,test24,test23,test22,test21,test20,test29,test28,Total,Equiv?
SDL_73,1,1,1,1,1,1,1,1,1,1,1,1,1,1,1,1,1,1,1,1,1,1,1,1,1,1,1,1,1,1,1,1,1,1,1,1,1,1,1,1,1,1,1,1,1,1,1,1,1,1,1,1,1,1,1,1,1,57, 
VDL_18, ,1, , , , , , , , , ,1, , , ,1, , , , , , , ,1, , , , , , , , , ,1, , ,1, , , , , , , , ,1, , , , , , ,1,1, , , ,9, 
ODL_40,1,1,1,1,1,1,1,1,1,1,1,1,1,1,1,1,1,1,1,1,1,1,1,1,1,1,1,1,1,1,1,1,1,1,1,1,1,1,1,1,1,1,1,1,1,1,1,1,1,1,1,1,1,1,1,1,1,57, 
LOI_40, , , , , , ,1,1, , , , , , , , , , , , , , , ,1,1, , , , , , , , , , , ,1, , ,1, , , , , , , , , , , ,1, , , ,1, ,8, 
SDL_82, , , , , , , , , , , , , , , , , , , , , ,1, , ,1, , , , , , , , , ,1, , , , , , , , , , , , , , , , , , , , , , ,3, 
LOI_42, , , , , , , , , , , , , , , , , , , , , , , , , , , , , , , , , , , , , , , , , , , , , , , , , , , , , , , , , ,0, 
ODL_49, , , , , , , , , , , , , , , , , , , , , , , , , , , , , , , , , , , , , , , , , , , , , , , , , , , , , , , , , ,0, 
ROR_161, , , , , , , , , , , , , , , , , , , , , , , , , , , , , , , , , , , , , , , , , , , , , , , , , , , , , , , , , ,0, 
SDL_84, ,1, , , , , , ,1, , , , ,1, , , , , , , , , ,1, , , , , , , , , , , , ,1, , , , , , , , , , , , , , , , , , , , ,5, 
LOI_29, ,1, , , , , , , , , , , , , , , , , , , , , ,1, , , , , , , , , , , , ,1, , , , , , , , , , , , , , , , , , , , ,3, 
LOI_36, ,1,1, , , , ,1, , , ,1, , , ,1, , , , , ,1, ,1,1,1, , , , ,1, , ,1,1, ,1, , , , , , , , ,1, , , , , , ,1,1, , ,1,17, 
LOI_37,1, ,1, , , , ,1, ,1, , , , ,1,1,1, ,1,1, ,1,1,1,1, , , , , ,1, ,1, ,1,1,1, , ,1,1, , , , , , , , , , , , , , ,1,1,22, 
LOI_32, , , , ,1, , , , , ,1, , , ,1,1,1, ,1, , , , , , , , , , , , , , , , , , , , , , , , , , ,1, , , , , , ,1, , , , ,8, 
LOI_33, , , , , , , , , , , , , , , ,1, , , , , , , , , , , , , , , , , , , , , , , , , , , , , , , , , , , , , , , , , ,1, 
LOI_34,1,1,1,1,1,1,1,1,1,1,1,1,1,1,1,1,1,1,1,1,1,1,1,1,1,1,1,1,1,1,1,1,1,1,1,1,1,1,1,1,1,1,1,1,1,1,1,1,1,1,1,1,1,1,1,1,1,57, 
ODL_32,1,1,1,1,1, ,1,1,1,1,1, ,1, ,1,1,1,1,1,1,1,1,1,1,1,1, ,1,1, ,1, ,1,1, ,1,1,1,1,1,1,1, ,1,1,1,1, , , , ,1,1, ,1,1, ,43, 
ROR_159, , , , , , , , , , , , , , , , , , , , , , , , , , , , , , , , , , , , , , , , , , , , , , , , , , , , , , , , , ,0, 
LOI_35, ,1, , , , , , , , , , , , , ,1, , , , , ,1, ,1, ,1, , , , , , , , , , ,1, , , , , , , , ,1, , , , , , ,1,1, , , ,9, 
ODL_33, , , , , , , , , , , , , , , , , , , , , , , , , , , , , , , , , , , , , , , , , , , , , , , , , , , , , , , , , ,0, 
LOI_30, , , , , , , ,1, ,1, , , , , ,1, , , , , , ,1, ,1, , , , , ,1, , , , , ,1, , , , , , , , ,1, , , , , , , , , , , ,8, 
ROR_154,1, ,1, , , ,1,1, , , , , , , , , , ,1, ,1, , ,1,1, , , , , , , ,1, , , ,1, , ,1,1, , , , , , , , , , , , , , ,1,1,14, 
ODL_38, , , , , , , , , , , , , , , ,1, , , , , , , , , , , , , , , , , , , , , , , , , , , , , , , , , , , , , , , , , ,1, 
ODL_37,1,1,1,1,1,1,1,1,1,1,1,1,1,1,1,1,1,1,1,1,1,1,1,1,1,1,1,1,1,1,1,1,1,1,1,1,1,1,1,1,1,1,1,1,1,1,1,1,1,1,1,1,1,1,1,1,1,57, 
ODL_39, ,1, , , , , , , , , , , , , , , , , , , , , ,1, , , , , , , , , , , , ,1, , , , , , , , , , , , , , , , , , , , ,3, 
SDL_90,1, , , , , ,1,1, , , , , , , , , , ,1, ,1, , ,1,1, , , , , , , ,1, , , ,1, , ,1,1, , , , , , , , , , , , , , ,1, ,12, 
COR_6, , , , , , , ,1, , , , , , , , , , , , , , , ,1,1, , , , , , , , , , ,1, , , , , , , , , , , , , , , , , , , ,1, ,5, 
COR_5, ,1, , , , , , , , , ,1, , , ,1, , , , , ,1, ,1, ,1, , , , , , , ,1, , ,1, , , , , , , , ,1, , , , , , ,1,1, , , ,11, 
COR_8, , , , , , , , , , , , , , ,1, , , ,1, , , , , , , , , , , , , , , , , , , , , , , , , , , , , , , , , , , , , , ,2, 
COR_7, , , , , , , , , , ,1, , , ,1, ,1, ,1, , , , , , , , , , , , , , , , , , , , , , , , , , ,1, , , , , , ,1, , , , ,6, 
COR_2,1,1,1,1,1, ,1, ,1,1,1, ,1, ,1,1,1,1,1,1,1,1,1,1,1,1, ,1,1, ,1, ,1,1, ,1,1,1,1,1,1,1, ,1,1,1,1, , , , ,1,1, ,1,1, ,42, 
COR_1,1,1,1,1,1, ,1, ,1,1,1, ,1, ,1,1,1,1,1,1,1,1,1,1,1,1, ,1,1, ,1, ,1,1, ,1,1,1,1,1,1,1, ,1,1,1,1, , , , ,1,1, ,1,1, ,42, 
COR_4,1,1,1,1,1,1,1,1,1,1,1,1,1,1,1,1,1,1,1,1,1,1,1,1,1,1,1,1,1,1,1,1,1,1,1,1,1,1,1,1,1,1,1,1,1,1,1,1,1,1,1,1,1,1,1,1,1,57, 
COR_3, , ,1, , , , ,1, ,1, , , , , ,1, , , ,1, ,1,1, ,1,1, , , , ,1, ,1, ,1, , , , , ,1, , , , , , , , , , , , , , , ,1,14, 
ODL_66, , , , , , , , , , , , , , , , , , , , , , , , , , , , , , , , , , , , , , , , , , , , , , , , , , , , , , , , , ,0, 
LOI_64, , , , , , , , , , , , , , , , ,1, , , , , ,1, , , , , , , , , , , , , , , , , , ,1, , ,1, , , , , , , , , , , , ,4, 
AOIU_3, , , , , , , , , , , , , , , , , , , , , , , , , , , , , , , , , , , , , , , , , , , , , , , , , , , , , , , , , ,0, 
AOIU_4,1,1,1,1,1, ,1,1,1,1,1, ,1, ,1,1,1,1,1,1,1,1,1,1,1,1, ,1,1, ,1, ,1,1, ,1,1,1,1,1,1,1, ,1,1,1,1, , , , ,1,1, ,1,1, ,43, 
AOIU_1, , , , , , , , , , , , , , , , , , , , , , , , , , , , , , , , , , , , , , , , , , , , , , , , , , , , , , , , , ,0, 
AOIU_2,1,1,1,1,1, ,1,1,1,1,1, ,1, ,1,1,1,1,1,1,1,1,1,1,1,1, ,1,1, ,1, ,1,1, ,1,1,1,1,1,1,1, ,1,1,1,1, , , , ,1,1, ,1,1, ,43, 
LOI_59, , , , , , , , , ,1, , , , , , , , , , , , , , , , , , , , , , ,1, , , ,1, , ,1, , , ,1, , , , , , , , , , , , , ,5, 
AOIU_9,1,1,1,1,1, ,1, ,1,1,1, ,1, ,1,1,1,1,1,1,1,1,1,1,1,1, ,1,1, ,1, ,1,1, ,1,1,1,1,1,1,1, ,1,1,1,1, , , , ,1,1, ,1,1, ,42, 
AOIU_7,1,1,1,1,1, ,1, ,1,1,1, ,1, ,1,1,1,1,1,1,1,1,1,1,1,1, ,1,1, ,1, ,1,1, ,1,1,1,1,1,1,1, ,1,1,1,1, , , , ,1,1, ,1,1, ,42, 
AOIU_8,1,1,1,1,1, ,1, ,1,1,1, ,1, ,1,1,1,1,1,1,1,1,1,1,1,1, ,1,1, ,1, ,1,1, ,1,1,1,1,1,1,1, ,1,1,1,1, , , , ,1,1, ,1,1, ,42, 
AOIU_5, , , , , , , , , , , , , , , , , , , , , , , , , , , , , , , , , , , , , , , , , , , , , , , , , , , , , , , , , ,0, 
ODL_54, , , , , , , , , , , , , , , , , , ,1, , , , , , , , , , , , , , , , , , ,1, , , , , , , , , , , , , , , , , , , ,2, 
AOIU_6,1,1,1,1,1, ,1, ,1,1, , ,1, ,1, , ,1,1,1, ,1,1,1,1,1, ,1,1, , , ,1,1, ,1,1,1, ,1,1,1, ,1,1,1,1, , , , ,1,1, , ,1, ,35, 
LOI_50, , , , , , , , , , , , , , , , , , , , , , , , , , , , , , , , , , , , , , , , , , , , , , , , , , , , , , , , , ,0, 
LOI_51, , , , , , , , , ,1, , , , , , , , , , , , ,1, , , , , , , , , ,1, , , , , , , ,1, ,1,1, , , , , , , , , , , , , ,6, 
ODL_55, , , , , , , , , ,1, , , , , , , , , , , , , , , , , , , , , , ,1, , , , , , , , , , ,1, , , , , , , , , , , , , ,3, 
ROR_2,1,1,1,1,1, ,1, ,1,1,1, ,1, ,1,1,1,1,1,1,1,1,1,1,1,1, ,1,1, ,1, ,1,1, ,1,1,1,1,1,1,1, ,1,1,1,1, , , , ,1,1, ,1,1, ,42, 
ROR_14,1,1,1,1,1, ,1, ,1,1,1, ,1, ,1,1,1,1,1,1,1,1,1,1,1,1, ,1,1, ,1, ,1,1, ,1,1,1,1,1,1,1, ,1,1,1,1, , , , ,1,1, ,1,1, ,42, 
SDL_33,1, , , , , , , , , , , , , , , , , , ,1, , , , , , , , , , , , ,1, , , , , , , ,1,1,1,1, , , , , , , , , , , , , ,7, 
AOIS_18,1,1,1,1,1, ,1, ,1,1,1, ,1, ,1,1,1,1,1,1,1,1,1,1,1,1, ,1,1, ,1, ,1,1, ,1,1,1,1,1,1,1, ,1,1,1,1, , , , ,1,1, ,1,1, ,42, 
ROR_3,1,1,1,1,1, ,1, ,1,1,1,1,1, ,1,1,1,1,1,1,1,1,1,1,1,1, ,1,1, ,1, ,1,1,1,1,1,1,1,1,1,1,1,1,1,1,1, , , , ,1,1,1,1,1,1,47, 
ROR_13,1,1,1,1,1, ,1, ,1,1,1, ,1, ,1,1,1,1,1,1,1,1,1,1,1,1, ,1,1, ,1, ,1,1, ,1,1,1,1,1,1,1, ,1,1,1,1, , , , ,1,1, ,1,1, ,42, 
SDL_34,1,1,1,1,1, ,1, ,1,1,1, ,1, ,1,1,1,1,1,1,1,1,1,1,1,1, ,1,1, ,1, , ,1, ,1,1,1,1,1,1,1, ,1,1,1,1, , , , ,1,1, ,1,1, ,41, 
AOIS_187, , , , , , , , , , , , , , , , , , , , , , ,1, , , , , , , , , , , , , , , , , ,1, , , , , , , , , , , , , , , , ,2, 
AOIS_17,1,1,1,1,1, ,1, ,1,1,1, ,1, ,1,1,1,1,1,1,1,1,1,1,1,1, ,1,1, ,1, ,1,1, ,1,1,1,1,1,1,1, ,1,1,1,1, , , , ,1,1, ,1,1, ,42, 
ROR_16, , , , , , , , , , , , , , , , , , , , , , , , , , , , , , , , , , , , , , , , , , , , , , , , , , , , , , , , , ,0, 
ROR_4,1,1,1,1,1, ,1,1,1,1,1,1,1, ,1,1,1,1,1,1,1,1,1,1,1,1, ,1,1, ,1, ,1,1,1,1,1,1,1,1,1,1,1,1,1,1,1, , , , ,1,1,1,1,1,1,48, 
SDL_35, , , , , ,1, , ,1, , , , ,1, ,1, , , , , , , , , , , , , ,1, , , , , , , , , , , , , , , , , , , , ,1, , , , , , ,6, 
AOIS_16,1,1,1,1,1, ,1, ,1,1,1, ,1, ,1,1,1,1,1,1,1,1,1,1,1,1, ,1,1, ,1, ,1,1, ,1,1,1,1,1,1,1, ,1,1,1,1, , , , ,1,1, ,1,1, ,42, 
ROR_5,1,1,1,1,1, ,1, ,1,1,1,1,1, ,1,1,1,1,1,1,1,1,1,1,1,1, ,1,1, ,1, ,1,1,1,1,1,1,1,1,1,1,1,1,1,1,1, , , , ,1,1,1,1,1,1,47, 
ROR_15, , , , , , , , , , , , , , , , , , , , , , , , , , , , , , , , , , , , , , , , , , , , , , , , , , , , , , , , , ,0, 
SDL_36, , , , , ,1, , ,1, , , , ,1, , , , , , , , , , , , , , , ,1, , , , , , , , , , , , , , , , , , , , ,1, , , , , , ,5, 
AOIS_15,1,1,1,1,1, ,1, ,1,1,1, ,1, ,1,1,1,1,1,1,1,1,1,1,1,1, ,1,1, ,1, ,1,1, ,1,1,1,1,1,1,1, ,1,1,1,1, , , , ,1,1, ,1,1, ,42, 
ROR_6, , , , , , , , , , , , , , , , , , , , , , , , , , , , , , , , , , , , , , , , , , , , , , , , , , , , , , , , , ,0, 
ROR_10,1,1,1,1,1, ,1, ,1,1,1, ,1, ,1,1,1,1,1,1,1,1,1,1,1,1, ,1,1, ,1, ,1,1, ,1,1,1,1,1,1,1, ,1,1,1,1, , , , ,1,1, ,1,1, ,42, 
AOIS_14,1,1,1,1,1,1,1,1,1,1,1,1,1,1,1,1,1,1,1,1,1,1,1,1,1,1,1,1,1,1,1,1,1,1,1,1,1,1,1,1,1,1,1,1,1,1,1,1,1,1,1,1,1,1,1,1,1,57, 
SDL_30, ,1, , , , ,1,1, ,1, ,1, , ,1,1,1, ,1, ,1, ,1,1,1, , , , , , ,1,1,1, ,1,1,1,1,1,1,1,1,1, , , , , , , , , ,1, ,1, ,27, 
AOIS_13,1, , , , , , , ,1, , , , , , ,1, , , ,1, , ,1, , , , , , , , , ,1, , , , , , , , , , , , , , , , , , , , , ,1, , ,7, 
ROR_12, , , , , , , , , , , , , , , , , , , , , , , , , , , , , , , , , , , , , , , , , , , , , , , , , , , , , , , , , ,0, 
SDL_31,1,1, ,1,1, ,1,1,1,1,1, ,1, ,1,1,1, ,1, ,1, ,1,1,1, , , ,1, , , ,1,1, ,1,1,1,1,1,1,1, ,1, ,1, ,1,1,1,1,1,1, ,1,1, ,38, 
AOIS_12,1,1,1,1,1, ,1,1,1,1,1, ,1, ,1,1,1,1,1,1,1,1,1,1,1,1, ,1,1, ,1, ,1,1, ,1,1,1,1,1,1,1, ,1,1,1,1, , , , ,1,1, ,1,1, ,43, 
ROR_9, , , , , , , , , , , , , , , , , , , , , , , , , , , , , , , , , , , , , , , , , , , , , , , , , , , , , , , , , ,0, 
ROR_11,1,1,1,1,1, ,1, ,1,1,1, ,1, ,1,1,1,1,1,1,1,1,1,1,1,1, ,1,1, ,1, ,1,1, ,1,1,1,1,1,1,1, ,1,1,1,1, , , , ,1,1, ,1,1, ,42, 
SDL_32,1,1,1,1,1, ,1,1,1,1,1,1,1, ,1,1,1,1,1,1,1,1,1,1,1,1, ,1,1, ,1, , ,1,1,1,1,1,1,1,1,1, ,1,1,1,1, , , , ,1,1,1,1,1,1,46, 
AOIS_11, ,1, ,1,1, ,1,1,1,1,1, ,1, ,1,1,1, ,1, ,1, ,1,1,1, , , ,1, ,1, ,1,1, ,1,1,1,1,1,1,1, ,1,1,1, , , , , ,1,1, , ,1, ,34, 
AOIS_10, , , , , , , , , , , , , , , , , , , , , , , , , , , , , , , , , , , , , , , , , , , , , , , , , , , , , , , , , ,0, 
AOIS_181, , , , , , , , , ,1, , , , , , , , , , , , ,1, , , , , , , , , ,1, , , , , , , ,1, ,1,1, , , , , , , , , , , , , ,6, 
SDL_37, , , , , , , ,1, , , , , , , , , , , , , , , , ,1, , , , , , , , , , , , , , , , , , , , , , , , , , , , , , , , ,2, 
SDL_38, ,1,1, , , ,1,1, ,1, ,1, , ,1,1,1, ,1,1, ,1,1,1,1,1, , , , ,1,1,1,1,1,1,1, , ,1,1, , , , , , , , , , ,1, ,1, ,1,1,29, 
SDL_39, ,1, , , , , , , , , , , , , , , , , , , , , ,1, , , , , , , , , , , , ,1, , , , , , , , , , , , , , , , , , , , ,3, 
ROR_1,1,1,1,1,1,1,1, ,1,1,1, ,1,1,1,1,1,1,1,1,1,1,1,1,1,1,1,1,1,1,1,1,1,1, ,1,1,1,1,1,1,1, ,1,1,1,1, , , ,1,1,1, ,1,1, ,48, 
AOIS_185, , , , , , , , , , , , , , , , , , , , , , ,1, , , , , , , , , , , , , , , , , ,1, , , , , , , , , , , , , , , , ,2, 
ROR_18, , , , , , , , , , , , , , , , , , , , , , , , , , , , , , , , , , , , , , , , , , , , , , , , , , , , , , , , , ,0, 
ROR_17, , , , , , , , , , , , , , , , , , , , , , , , , , , , , , , , , , , , , , , , , , , , , , , , , , , , , , , , , ,0, 
ROR_19, , , , , , , , , , , , , , , , , , , , , , , , , , , , , , , , , , , , , , , , , , , , , , , , , , , , , , , , , ,0, 
SDL_44, , , , , , , , , , , , , , , ,1, , , , , , , , , , , , , , , , , , , , , , , , , , , , , , , , , , , , , , , , , ,1, 
AOIS_197, , , , , , , , , , , , , , , ,1, , , , ,1, , , , , , , , , , , , , , , , , , , , , , , , , , , , , , , , , , , , ,2, 
SDL_45,1,1,1,1,1,1,1,1,1,1,1,1,1,1,1,1,1,1,1,1,1,1,1,1,1,1,1,1,1,1,1,1,1,1,1,1,1,1,1,1,1,1,1,1,1,1,1,1,1,1,1,1,1,1,1,1,1,57, 
SDL_46, , , , , , , , , , , , , , , ,1, , , , , , , , , , , , , , , , , , , , , , , , , , , , , ,1, , , , , , ,1, , , , ,3, 
AOIS_199, , , , , , , , , , , , , , , ,1, , , , ,1, , , , , , , , , , , , , , , , , , , ,1,1, , , , , , , , , , , , , , , ,4, 
SDL_47, , , , , ,1, , , , , , , ,1, , , , , , , , , , , , , , , ,1, , , , , , , , , , , , , , , , , , , , ,1, , , , , , ,4, 
SDL_40, , ,1, , , , ,1,1,1, , , , , ,1, , , ,1, ,1,1, ,1,1, , , , ,1, ,1, ,1, , , , , ,1, , , , , , , , , , , , , , , ,1,15, 
SDL_41, , , , , , , ,1, , , , , , , , , , , , , , , ,1,1, , , , , , , , , , ,1,1, , ,1, , , , , , , , , , , , , , , ,1, ,7, 
SDL_42, , , , ,1, , , , , ,1, , , ,1, ,1, ,1, , , , , , , , , , , , , , , , , , , , , , , , , , ,1, , , , , , ,1, , , , ,7, 
SDL_43, , , , ,1, , , , , ,1, , , , , ,1, , , , , , , , , , , , , , , , , , , , , , , , , , , , ,1, , , , , , ,1, , , , ,5, 
SDL_48, , , , , , , , , , , , , , ,1, ,1, ,1, , , , , , , , , , , , , , , , , , , , , , , , , , , , , , , , , , , , , , ,3, 
SDL_49, , , , , , , , , , , , , , , , , , , , , , , , , , , , , , , , , , , , , , , , , , , , , , , , , , , , , , , , , ,0, 
LOI_72,1, ,1,1,1, , ,1, , , , , ,1, , , , ,1, ,1, , , ,1, , , , , , , , , , , , , , , , , , , , , , , , , , , , , , , ,1,10, 
SDL_50,1,1,1,1,1,1,1,1,1,1,1,1,1,1,1,1,1,1,1,1,1,1,1,1,1,1,1,1,1,1,1,1,1,1,1,1,1,1,1,1,1,1,1,1,1,1,1,1,1,1,1,1,1,1,1,1,1,57, 
SDL_56, , , , , , , , , , , , , , , ,1, , , , , , , , , , , , , , , , , , , , , , , , , , , , , , , , , , , , , , , , , ,1, 
SDL_53,1,1,1,1,1,1,1,1,1,1,1,1,1,1,1,1,1,1,1,1,1,1,1,1,1,1,1,1,1,1,1,1,1,1,1,1,1,1,1,1,1,1,1,1,1,1,1,1,1,1,1,1,1,1,1,1,1,57, 
SDL_104, , , , , , , , , , , , , , , ,1, , , , , , , , , , , , , , , , , , , , , , , , , , , , , , , , , , , , , , , , , ,1, 
COD_3, ,1, , , , , , , ,1, ,1, , , ,1, , , ,1, , ,1,1, , , , , , , , ,1,1, , ,1, , , ,1, , , , ,1, , , , , , ,1,1, , , ,14, 
ODL_22,1,1,1,1,1,1,1,1,1,1,1,1,1,1,1,1,1,1,1,1,1,1,1,1,1,1,1,1,1,1,1,1,1,1,1,1,1,1,1,1,1,1,1,1,1,1,1,1,1,1,1,1,1,1,1,1,1,57, 
ODL_25, ,1, , , , , , , ,1, ,1, , , ,1, , , , , , ,1, , , , , , , , , ,1,1, , ,1, , , ,1, , , , ,1, , , , , , ,1,1, , , ,12, 
SDL_61,1,1,1,1,1,1,1,1,1,1,1,1,1,1,1,1,1,1,1,1,1,1,1,1,1,1,1,1,1,1,1,1,1,1,1,1,1,1,1,1,1,1,1,1,1,1,1,1,1,1,1,1,1,1,1,1,1,57, 
ODL_27, , , , , , , , , , , , , , , ,1,1, , , , , , , , , , , , , , , , , , , , , , , , , , , , , , , , , , , , , , , , ,2, 
ODL_26, ,1, , ,1, , , , ,1,1, , , , , ,1, , ,1, , ,1,1, , , , , , , , ,1, , , ,1, , ,1,1, , , , ,1, , , , , , ,1, , , , ,14, 
COD_2, ,1, , ,1, , , , , ,1, , , , , ,1, , , , , , ,1, , , , , , , , , , , , ,1, , ,1, , , , , ,1, , , , , , ,1, , , , ,9, 
COD_1, ,1,1, , , , ,1, ,1, ,1, , , ,1, , , ,1, ,1,1,1,1,1, , , , ,1, ,1,1,1, ,1, , , ,1, , , , ,1, , , , , , ,1,1, , ,1,22, 
ODL_19,1,1,1,1,1, ,1, ,1,1,1,1,1,1,1,1,1,1,1,1,1,1,1,1,1,1,1,1,1,1,1,1,1,1,1,1,1,1,1,1,1,1,1,1,1,1,1, , , ,1,1,1,1,1,1,1,52, 
SDL_69, , , , , , , , , ,1, , , , , , , , , , , , , , , , , , , , , , ,1, , , , , , , , , , ,1, , , , , , , , , , , , , ,3, 
SDL_65, , , , , , , ,1, , , , , , , , ,1,1,1, ,1, , ,1,1, , , , , , , , , , , ,1,1,1,1, ,1, , , , , , , , , , , , , ,1, ,13, 
AOIS_5, ,1, ,1,1, ,1,1,1,1,1, ,1, ,1,1,1, ,1, ,1, ,1,1,1, , , ,1, ,1, ,1,1, ,1,1,1,1,1,1,1, ,1,1,1, , , , , ,1,1, , ,1, ,34, 
AOIS_6,1,1,1,1,1, ,1,1,1,1,1, ,1, ,1,1,1,1,1,1,1,1,1,1,1,1, ,1,1, ,1, ,1,1, ,1,1,1,1,1,1,1, ,1,1,1,1, , , , ,1,1, ,1,1, ,43, 
AOIS_3, ,1, ,1,1, ,1, , ,1,1, ,1, ,1,1,1, ,1, ,1, ,1,1,1, , , ,1, ,1, , ,1, ,1,1,1,1,1,1,1, ,1,1,1, , , , , ,1,1, , ,1, ,31, 
AOIS_4,1,1,1,1,1, ,1,1,1,1,1,1,1, ,1,1,1,1,1,1,1,1,1,1,1,1, ,1,1, ,1, ,1,1,1,1,1,1,1,1,1,1,1,1,1,1,1, , , , ,1,1,1,1,1,1,48, 
AOIS_1, , , , , , , , , , , , , ,1, , , , , , , , , , , , ,1, , ,1, ,1,1, , , , , , , , , , , , , , , , , ,1, , , , , , ,6, 
AOIS_2, , , , , , , , , , , , , ,1, , , , , , , , , , , , ,1, , ,1, ,1,1, , , , , , , , , , , , , , , , , ,1, , , , , , ,6, 
AOIS_9, , , , , , , , , , , , , , , , , , , , , , , , , , , , , , , , , , , , , , , , , , , , , , , , , , , , , , , , , ,0, 
AOIS_7, , , , , , , , , , , , , , , , , , , , , , , , , , , , , , , , , , , , , , , , , , , , , , , , , , , , , , , , , ,0, 
ODL_10, , , , , , , , , , , , , , , , , , , , , , , , , , , , , , , , , , , , , , , , , , , , , , , , , , , , , , , , , ,0, 
AOIS_8, , , , , , , , , , , , , , , , , , , , , , , , , , , , , , , , , , , , , , , , , , , , , , , , , , , , , , , , , ,0, 
ODL_11,1,1,1,1,1, ,1, ,1,1,1, ,1, ,1,1,1,1,1,1,1,1,1,1,1,1, ,1,1, ,1, ,1,1, ,1,1,1,1,1,1,1, ,1,1,1,1, , , , ,1,1, ,1,1, ,42, 
ODL_18, , , , , , , , , , , , , , , ,1, , , , , , ,1, , , , , , , , , , , , , , , , , , , , , , , , , , , , , , , , , , ,2, 
ROR_58, , , , , , , , , , , , , , ,1,1, , ,1, , , , , , , , , , , , , , , , , , , , , , , , , , ,1, , , , , , ,1, , , , ,5, 
ROR_57, , , , , , , , , , , , , , ,1,1, , ,1, , , , , , , , , , , , , , , , , , , , , , , , , , ,1, , , , , , ,1, , , , ,5, 
ROR_59, , , , , , , , , , , , , , , , , , , , , , , ,1, , , , , , , , , , , , ,1, , ,1, , , , , , , , , , , , , , , , , ,3, 
ROR_54, ,1, , , , , , , , , , , , , , , , , , , , , , , , , , , , , , , , , , ,1, , ,1, , , , , , , , , , , , , , , , , ,3, 
ROR_53, ,1, , , , , , , , , , , , ,1, , , ,1, , , , ,1, , , , , , , , , , , , ,1, , ,1, , , , , , , , , , , , , , , , , ,6, 
ROR_56, ,1, , , , , , , , , , , , , , , , , , , , , ,1, , , , , , , , , , , , ,1, , , , , , , , , , , , , , , , , , , , ,3, 
ROR_55, ,1, , , , , , , , , , , , , , , , , , , , , ,1, , , , , , , , , , , , ,1, , ,1, , , , , , , , , , , , , , , , , ,4, 
LOI_5, , , , , , , , , , , , , , , , , , , , , , , , , , , , , , , , , , , , , , , , , , , , , , , , , , , , , , , , , ,0, 
ROR_50, ,1, , , , , , , , , , , , , , , , , , , , , ,1, , , , , , , , , , , , ,1, , , , , , , , , , , , , , , , , , , , ,3, 
LOI_6,1,1,1,1,1, ,1, ,1,1,1, ,1, ,1,1,1,1,1,1,1,1,1,1,1,1, ,1,1, ,1, ,1,1, ,1,1,1,1,1,1,1, ,1,1,1,1, , , , ,1,1, ,1,1, ,42, 
LOI_7, , , , , , , , , , , , , , , , , , , , , , , , , , , , , , , , , , , , , , , , , , , , , , , , , , , , , , , , , ,0, 
ROR_52, ,1, , , , , , , , , , , , , , , , , , , , , ,1, , , , , , , , , , , , ,1, , ,1, , , , , , , , , , , , , , , , , ,4, 
LOI_8, , , , , , , , , , , , , , , , , , , , , , , , , , , , , , , , , , , , , , , , , , , , , , , , , , , , , , , , , ,0, 
ROR_51, , , , , , , , , , , , , , , , , , , , , , , , , , , , , , , , , , , , , , , , , , , , , , , , , , , , , , , , , ,0, 
LOI_1, , , , , , , , , , , , , , , , , , , , , , , , , , ,1, , , , , , , , , , , , , , , , , , , , , , , , , , , , , , ,1, 
LOI_2,1,1,1,1,1, ,1,1,1,1,1,1,1, ,1,1,1,1,1,1,1,1,1,1,1,1, ,1,1, ,1, ,1,1,1,1,1,1,1,1,1,1,1,1,1,1,1, , , , ,1,1,1,1,1,1,48, 
LOI_3, , , , , , , , , , , , , , , , , , , , , , , , , , , , , , , , , , , , , , , , , , , , , , , , , , , , , , , , , ,0, 
LOI_4,1,1,1,1,1, ,1,1,1,1,1, ,1, ,1,1,1,1,1,1,1,1,1,1,1,1, ,1,1, ,1, ,1,1, ,1,1,1,1,1,1,1, ,1,1,1,1, , , , ,1,1, ,1,1, ,43, 
ROR_47, , , , , , , , , , , , , , , ,1, , , , , , , , , , , , , , , , , , , , , , , , , , , , , , , , , , , , , , , , , ,1, 
ROR_46, ,1, , , , , , , , , , , , , , , , , , , , , ,1, , , , , , , , , , , , ,1, , , , , , , , , , , , , , , , , , , , ,3, 
ROR_49, ,1, , , , , , , , , , , , , , , , , , , , , ,1, , , , , , , , , , , , ,1, , , , , , , , , , , , , , , , , , , , ,3, 
ROR_48, ,1, , , , , , , , , , , , , , , , , , , , , ,1, , , , , , , , , , , , , , , , , , , , , , , , , , , , , , , , , ,2, 
ROR_43, , ,1, , , , ,1, , , , , , , ,1, , , , , ,1, , ,1,1, , , , ,1, , , ,1, , , , , , , , , , , , , , , , , , , , , ,1,9, 
ROR_42, ,1, , , , , , , , , ,1, , , ,1, , , , , ,1, ,1, ,1, , , , , , , ,1, , ,1, , , , , , , , ,1, , , , , , ,1,1, , , ,11, 
ROR_45, ,1, , , , , , , , , , , , , , , , , , , , , ,1, , , , , , , , , , , , , , , , , , , , , , , , , , , , , , , , , ,2, 
ROR_44,1,1,1,1,1,1,1,1,1,1,1,1,1,1,1,1,1,1,1,1,1,1,1,1,1,1,1,1,1,1,1,1,1,1,1,1,1,1,1,1,1,1,1,1,1,1,1,1,1,1,1,1,1,1,1,1,1,57, 
ROR_41, , ,1, , , , ,1, , , , , , , ,1, , , , , , , , ,1, , , , , ,1, , , ,1, , , , , , , , , , , , , , , , , , , , , ,1,7, 
ROR_40, ,1,1, , , , ,1, , , , , , , ,1, , , , , , , ,1,1, , , , , ,1, , , ,1, ,1, , , , , , , , , , , , , , , , , , , ,1,10, 
LOI_9, , , , , , , , , , , , , , , , , , , , , , , , , , , , , , , , , , , , , , , , , , , , , , , , , , , , , , , , , ,0, 
SDL_11, , , , , , , , , , , , , , , ,1, , , , ,1, ,1, , , , , , , , , , , , , , , , , ,1, , , , , , , , , , , , , , , , ,4, 
ROR_35, , , , , , , , , , , , , , , ,1, , , , ,1, ,1, , , , , , , , , , , , , , , , , ,1, , , , , , , , , , , , , , , , ,4, 
SDL_13,1,1,1,1,1,1,1,1,1,1,1,1,1,1,1,1,1,1,1,1,1,1,1,1,1,1,1,1,1,1,1,1,1,1,1,1,1,1,1,1,1,1,1,1,1,1,1,1,1,1,1,1,1,1,1,1,1,57, 
ROR_38, ,1, , , , , , , , , , , , , , , , , , , , , ,1, , , , , , , , , , , , , , , , , , , , , , , , , , , , , , , , , ,2, 
SDL_14, , , , , , , , , , , , , , , , , , , , , , , , , , , , , , , , , , , , , , , , , , , , , , , , , , , , , , , , , ,0, 
ROR_37, ,1,1, , , ,1, ,1, , , , , , ,1, , , ,1, ,1, ,1, ,1, , , , , ,1,1,1,1, , , , , , , , , , ,1, , , , , , ,1, , , , ,15, 
ROR_32, , , , , , , , , , , , , , , ,1, , , , ,1, ,1, , , , , , , , , , , , , , , , , ,1, , , , , , , , , , , , , , , , ,4, 
ROR_31, , , , , , , , , , , , , , , ,1, , , , ,1, ,1, , , , , , , , , , , , , , , , , ,1, , , , , , , , , , , , , , , , ,4, 
ROR_34, , , , , , , , , , , , , , , , , , , , , , , , , , , , , , , , , , , , , , , , , , , , , , , , , , , , , , , , , ,0, 
ROR_33, , , , , , , , , , , , , , , ,1, , , , ,1, ,1, , , , , , , , , , , , , , , , , ,1, , , , , , , , , , , , , , , , ,4, 
SDL_10,1,1,1,1,1, ,1, ,1,1,1, ,1, ,1,1,1,1,1,1,1,1,1,1,1,1, ,1,1, ,1, ,1,1, ,1,1,1,1,1,1,1, ,1,1,1,1, , , , ,1,1, ,1,1, ,42, 
SDL_19, , , , , , , , , , , , , , , ,1, , , , ,1, ,1, , , , , , , , , , , , , , , , , ,1, , , , , , , , , , , , , , , , ,4, 
ROR_30, , , , , , , , , , , , , , , ,1, , , , ,1, ,1, , , , , , , , , , , , , , , , , ,1, , , , , , , , , , , , , , , , ,4, 
COR_16, , , , , , , , , , , , , , , , , , , , , , ,1, , , , , , , , , , , , , , , , , ,1, , , , , , , , , , , , , , , , ,2, 
SDL_15, , , , , , , , , , , , , , , , , , , , , , , , , , , , , , , , , , , , , , , , , , , , , , , , , , , , , , , , , ,0, 
SDL_16,1,1,1,1,1, ,1, ,1,1,1, ,1, ,1,1,1,1,1,1,1,1,1,1,1,1, ,1,1, ,1, ,1,1, ,1,1,1,1,1,1,1, ,1,1,1,1, , , , ,1,1, ,1,1, ,42, 
COR_11,1,1,1,1,1,1,1,1,1,1,1,1,1,1,1,1,1,1,1,1,1,1,1,1,1,1,1,1,1,1,1,1,1,1,1,1,1,1,1,1,1,1,1,1,1,1,1,1,1,1,1,1,1,1,1,1,1,57, 
SDL_17,1,1,1,1,1, ,1, ,1,1,1, ,1, ,1,1,1,1,1,1,1,1,1,1,1,1, ,1,1, ,1, ,1,1, ,1,1,1,1,1,1,1, ,1,1,1,1, , , , ,1,1, ,1,1, ,42, 
SDL_18,1,1,1,1,1, ,1, ,1,1, , ,1, ,1, , ,1,1,1, ,1,1,1,1,1, ,1,1, , , ,1,1, ,1,1,1, ,1,1,1, ,1,1,1,1, , , , ,1,1, , ,1, ,35, 
ROR_105,1,1,1,1,1,1,1,1,1,1,1,1,1,1,1,1,1,1,1,1,1,1,1,1,1,1,1,1,1,1,1,1,1,1,1,1,1,1,1,1,1,1,1,1,1,1,1,1,1,1,1,1,1,1,1,1,1,57, 
ROR_39,1,1,1,1,1,1,1,1,1,1,1,1,1,1,1,1,1,1,1,1,1,1,1,1,1,1,1,1,1,1,1,1,1,1,1,1,1,1,1,1,1,1,1,1,1,1,1,1,1,1,1,1,1,1,1,1,1,57, 
ROR_25, , , , , , , , , , , , , , , , , , , , , , , , , , , , , , , , , , , , , , , , , , , , , , , , , , , , , , , , , ,0, 
ROR_24,1,1,1,1,1, ,1, ,1,1,1, ,1, ,1,1,1,1,1,1,1,1,1,1,1,1, ,1,1, ,1, ,1,1, ,1,1,1,1,1,1,1, ,1,1,1,1, , , , ,1,1, ,1,1, ,42, 
SDL_23, , , , , , , , , , , , , , , ,1, , , , ,1, ,1, , , , , , , , , , , , , , , , , ,1, , , , , , , , , , , , , , , , ,4, 
ROR_27,1,1,1,1,1, ,1, ,1,1, , ,1, ,1, , ,1,1,1, ,1,1,1,1,1, ,1,1, , , ,1,1, ,1,1,1, ,1,1,1, ,1,1,1,1, , , , ,1,1, , ,1, ,35, 
SDL_24, , , , , , , , , , , , , , , ,1, , , , ,1, ,1, , , , , , , , , , , , , , , , , ,1, , , , , , , , , , , , , , , , ,4, 
ROR_26,1,1,1,1,1, ,1, ,1,1,1, ,1, ,1,1,1,1,1,1,1,1,1,1,1,1, ,1,1, ,1, ,1,1, ,1,1,1,1,1,1,1, ,1,1,1,1, , , , ,1,1, ,1,1, ,42, 
SDL_25,1,1,1,1,1,1,1,1,1,1,1,1,1,1,1,1,1,1,1,1,1,1,1,1,1,1,1,1,1,1,1,1,1,1,1,1,1,1,1,1,1,1,1,1,1,1,1,1,1,1,1,1,1,1,1,1,1,57, 
COR_20,1, ,1,1,1, , ,1, , , , , ,1, , , , ,1, ,1, , , ,1, , , , , , , , , , , , , , , , , , , , , , , , , , , , , , , ,1,10, 
ROR_21, , , , , , , , , , , , , , , , , , , , , , , , , , , , , , , , , , , , , , , , , , , , , , , , , , , , , , , , , ,0, 
ROR_20, , , , , , , , , , , , , , , , , , , , , , , , , , , , , , , , , , , , , , , , , , , , , , , , , , , , , , , , , ,0, 
ROR_23,1,1,1,1,1, ,1, ,1,1,1, ,1, ,1,1,1,1,1,1,1,1,1,1,1,1, ,1,1, ,1, ,1,1, ,1,1,1,1,1,1,1, ,1,1,1,1, , , , ,1,1, ,1,1, ,42, 
SDL_20, , , , , , , , , , , , , , , ,1, , , , ,1, ,1, , , , , , , , , , , , , , , , , ,1, , , , , , , , , , , , , , , , ,4, 
ROR_22, , , , , , , , , , , , , , , , , , , , , , , , , , , , , , , , , , , , , , , , , , , , , , , , , , , , , , , , , ,0, 
SDL_21,1, , , ,1, , , , , ,1, ,1, , , , , , , , , , , , , , , , , , , ,1, , , , , , , , , , , , ,1, , , , , , ,1, , , , ,7, 
SDL_26, , , , , , , , , , , , , , , ,1, , , , ,1, ,1, , , , , ,1, , , , , , , , , , , , , , , , , , , , , , , , , , , , ,4, 
SDL_27, , , , , , , , , , , , , , , , , , , , , , , , , , , , , , , , , , , , , , , , , , , , , , , , , , , , , , , , , ,0, 
SDL_28,1,1,1,1,1, ,1, ,1,1,1,1,1,1,1,1,1,1,1,1,1,1,1,1,1,1,1,1,1,1,1,1,1,1,1,1,1,1,1,1,1,1,1,1,1,1,1, , , ,1,1,1,1,1,1,1,52, 
SDL_29, , , , , , , , , , , , , , , , , , , , , , , , , , , , , , , , , , , , , , , , , , , , , , , , , , , , , , , , , ,0, 
ROR_29,1,1,1,1,1, ,1, ,1,1,1, ,1, ,1,1,1,1,1,1,1,1,1,1,1,1, ,1,1, ,1, ,1,1, ,1,1,1,1,1,1,1, ,1,1,1,1, , , , ,1,1, ,1,1, ,42, 
ROR_28,1,1,1,1,1, ,1, ,1,1, , ,1, ,1, , ,1,1,1, ,1,1,1,1,1, ,1,1, , , ,1,1, ,1,1,1, ,1,1,1, ,1,1,1,1, , , , ,1,1, , ,1, ,35, 
AORS_2, , , , , , , , , , , , , , , ,1, , , , ,1, ,1, , , , , , , , , , , , , , , , , ,1, , , , , , , , , , , , , , , , ,4, 
ROR_94, , , , , , , , , , , , , , , , , , , , , , ,1, , , , , , , , , , , , , , , , , , , , , , , , , , , , , , , , , , ,1, 
AORS_3, , , , , , , , , , , , , , , ,1, , , , ,1, ,1,1, , , , , , , , , , , , ,1, , , ,1, , , , , , , , , , , , , , , , ,6, 
AORS_1, , , , , , , , , , , , , , , ,1, , , , ,1, ,1, , , , , , , , , , , , , , , , , ,1, , , , , , , , , , , , , , , , ,4, 
AORS_6, , , , , , , , , , , , , , , ,1,1, , , , , ,1, , , , , , , , , , , , , , , , , , ,1, , ,1, , , , , , , , , , , , ,5, 
ROR_120, , , , , , , , , , , , , , , , , , , , , , , , , , , , , , , , , , , , , , , , , , , , , , , , , , , , , , , , , ,0, 
SDL_5, , , , , , , , , , , , , , , , , , , , , , , , , , , , , , , , , , , , , , , , , , , , , , , , , , , , , , , , , ,0, 
SDL_4, , , , , , , , , , , , , , , ,1, , , , ,1, ,1, , , , , , , , , , , , , , , , , ,1, , , , , , , , , , , , , , , , ,4, 
SDL_7, , , , , , , , , , , , , , , , , , , , , , , , , , , , , , , , , , , , , , , , , , , , , , , , , , , , , , , , , ,0, 
SDL_6,1,1,1,1,1, ,1, ,1,1,1, ,1, ,1,1,1,1,1,1,1,1,1,1,1,1, ,1,1, ,1, ,1,1, ,1,1,1,1,1,1,1, ,1,1,1,1, , , , ,1,1, ,1,1, ,42, 
SDL_9, , , , , , , , , , , , , , , , , , , , , , , , , , , , , , , , , , , , , , , , , , , , , , , , , , , , , , , , , ,0, 
ROR_87,1, , , , , , , , , , , , , , , , , ,1, ,1, ,1, , , , , , , , , ,1, , , , ,1, , ,1, , , , , , , , , , , , , , , , ,7, 
ROR_88,1, , , , , , , , , , , , , , , , , ,1, ,1, ,1, , , , , , , , , , , , , , ,1, , , , , , , , , , , , , , , , , , , ,5, 
ROR_85, , , , , , , , , , , , , , , , , , , , , , , ,1, , , , , , , , , , , , ,1, , ,1, , , , , , , , , , , , , , , , , ,3, 
ROR_118, , , , , , , , , ,1, , , , , , , , , , , , , , , , , , , , , , , , , , , , , , , , , , , , , , , , , , , , , , , ,1, 
ROR_112,1,1,1,1,1,1,1,1,1,1,1,1,1,1,1,1,1,1,1,1,1,1,1,1,1,1,1,1,1,1,1,1,1,1,1,1,1,1,1,1,1,1,1,1,1,1,1,1,1,1,1,1,1,1,1,1,1,57, 
ROR_110, , , , , , , , , ,1, , , , , , , , , , , , , , , , , , , , , , ,1, , , , , , , , , , ,1, , , , , , , , , , , , , ,3, 
SDL_1, , , , , ,1, , , , , , , ,1, , , , , , , , , , , , ,1, , ,1, ,1,1, , , , , , , , , , , , , , , , , ,1, , , , , , ,7, 
SDL_3,1,1,1,1,1, ,1, ,1,1,1, ,1, ,1,1,1,1,1,1,1,1,1,1,1,1, ,1,1, ,1, ,1,1, ,1,1,1,1,1,1,1, ,1,1,1,1, , , , ,1,1, ,1,1, ,42, 
SDL_2,1,1,1,1,1, ,1, ,1,1,1, ,1, ,1,1,1,1,1,1,1,1,1,1,1,1, ,1,1, ,1, ,1,1, ,1,1,1,1,1,1,1, ,1,1,1,1, , , , ,1,1, ,1,1, ,42, 
ROR_78, , , , , , , , , , , , , , , , , , , , , , , , , , , , , , , , , , , , , , , , , , , , , , , , , , , , , , , , , ,0, 
ROR_74, , , , , , , , , ,1, , , , , , , , , , , , , , , , , , , , , , ,1, , , , , ,1,1, , , ,1, , , , , , , , , , , , , ,5, 
ROR_142, , , , , , , , , , , , , , , , ,1, ,1, , , , , , , , , , , , , , , , , , ,1, , , ,1, , , , , , , , , , , , , , , ,4, 
ROR_65, , , , , , , , , , , , , , ,1,1, , ,1, , , , , , , , , , , , , , , , , , , , , , , , , , , , , , , , , , , , , , ,3, 
ROR_64, ,1,1, , , , ,1, , , ,1, , , ,1, , , , , , , ,1,1, , , , , ,1, , ,1,1, ,1, , , , , , , , ,1, , , , , , ,1,1, , ,1,15, 
ROR_61,1,1,1,1,1,1,1,1,1,1,1,1,1,1,1,1,1,1,1,1,1,1,1,1,1,1,1,1,1,1,1,1,1,1,1,1,1,1,1,1,1,1,1,1,1,1,1,1,1,1,1,1,1,1,1,1,1,57, 
ROR_60,1,1,1,1,1,1,1,1,1,1,1,1,1,1,1,1,1,1,1,1,1,1,1,1,1,1,1,1,1,1,1,1,1,1,1,1,1,1,1,1,1,1,1,1,1,1,1,1,1,1,1,1,1,1,1,1,1,57, 
ROR_63,1,1,1,1,1,1,1,1,1,1,1,1,1,1,1,1,1,1,1,1,1,1,1,1,1,1,1,1,1,1,1,1,1,1,1,1,1,1,1,1,1,1,1,1,1,1,1,1,1,1,1,1,1,1,1,1,1,57, 
ROR_62,1,1,1,1,1,1,1,1,1,1,1,1,1,1,1,1,1,1,1,1,1,1,1,1,1,1,1,1,1,1,1,1,1,1,1,1,1,1,1,1,1,1,1,1,1,1,1,1,1,1,1,1,1,1,1,1,1,57, 
ROR_137, , , , , , , , , , , , , , , , , , , , , ,1, ,1,1, , , , , , , , , ,1, , , , , , , , , , , , , , , , , , , , ,1, ,5, 
COI_7,1,1,1,1,1, ,1, ,1,1,1, ,1, ,1,1,1,1,1,1,1,1,1,1,1,1, ,1,1, ,1, ,1,1, ,1,1,1,1,1,1,1, ,1,1,1,1, , , , ,1,1, ,1,1, ,42, 
COI_9, , , , , , , , , , , , , , , ,1, , , , ,1, ,1, , , , , , , , , , , , , , , , , ,1, , , , , , , , , , , , , , , , ,4, 
COI_8,1, , , ,1, , , , , ,1, ,1, , , , , , , , , , , , , , , , , , , ,1, , , , , , , , , , , , ,1, , , , , , ,1, , , , ,7, 
COI_3,1,1,1,1,1, ,1, ,1,1,1, ,1, ,1,1,1,1,1,1,1,1,1,1,1,1, ,1,1, ,1, ,1,1, ,1,1,1,1,1,1,1, ,1,1,1,1, , , , ,1,1, ,1,1, ,42, 
COI_2,1,1,1,1,1, ,1, ,1,1,1,1,1, ,1,1,1,1,1,1,1,1,1,1,1,1, ,1,1, ,1, ,1,1,1,1,1,1,1,1,1,1,1,1,1,1,1, , , , ,1,1,1,1,1,1,47, 
COI_5,1,1,1,1,1, ,1, ,1,1,1, ,1, ,1,1,1,1,1,1,1,1,1,1,1,1, ,1,1, ,1, ,1,1, ,1,1,1,1,1,1,1, ,1,1,1,1, , , , ,1,1, ,1,1, ,42, 
COI_4, , , , , , , , , , , , , , , , , , , , , , , , , , , , , , , , , , , , , , , , , , , , , , , , , , , , , , , , , ,0, 
COI_1,1,1,1,1,1,1,1, ,1,1,1, ,1,1,1,1,1,1,1,1,1,1,1,1,1,1,1,1,1,1,1,1,1,1, ,1,1,1,1,1,1,1, ,1,1,1,1, , , ,1,1,1, ,1,1, ,48, 
COI_41,1, ,1, , , ,1,1, , , , , , , , , , ,1, ,1, , ,1,1,1, , , , , , ,1, , , ,1, , ,1,1, , , , , , , , , , , , , , ,1,1,15, 
AODU_1,1,1,1,1,1, ,1, ,1,1,1,1,1,1,1,1,1,1,1,1,1,1,1,1,1,1,1,1,1,1,1,1,1,1,1,1,1,1,1,1,1,1,1,1,1,1,1, , , ,1,1,1,1,1,1,1,52, 
COI_39,1, ,1,1,1, , ,1,1, , , , ,1, , , , ,1, ,1, , , ,1, , , , , , , ,1, , , ,1, , ,1,1, , , , , , , , , , , , , , , ,1,15, 
AOIS_209, , , , , , , , , , , , , , , , ,1, ,1, ,1, ,1, , , , , , , , , , , , , , ,1, , ,1,1, , , , , , , , , , , , , , , ,7, 
AOIS_212, , , , , , , , , , , , , , , ,1,1, , , , , ,1, , , , , , , , , , , , , , , , , , ,1, , ,1, , , , , , , , , , , , ,5, 
AOIS_214, , , , , , , , , , , , , , , , , , , , , ,1, ,1,1, , , , , , , , , ,1, , , , , , , , , , , , , , , , , ,1, , ,1, ,6, 
COI_44, , , , , , , , , ,1, , , , , ,1,1, , , , , ,1, , , , , , , , , , , , , , , , , , , , , , , , , , , , ,1, , , , , ,5, 
AOIU_42,1, , , , , ,1,1, , , , , , , , , , ,1, ,1, , ,1,1,1, , , , , , ,1, , , ,1, , ,1,1, , , , , , , , , , , , , , ,1, ,13, 
AOIU_46, , , , , , , ,1, , , , , , , , , , ,1, , , , ,1,1, , , , , , , ,1, , , ,1, , ,1,1, , , , , , , , , , , , , , ,1, ,9, 
AOIS_217, , , , , , , , , , , , , , , , , , , , , ,1, ,1,1, , , , , , , , , ,1, , , , , , , , , , , , , , , , , , , , ,1, ,5, 
COI_12,1,1,1,1,1, ,1, ,1, ,1,1,1,1,1,1,1,1,1,1,1,1,1,1,1,1,1,1,1,1,1,1,1,1,1,1,1,1,1,1,1,1,1,1,1,1,1, , , ,1,1,1,1,1,1,1,51, 
COI_13, ,1,1, , ,1,1,1,1,1, ,1, ,1,1,1,1, ,1,1, ,1,1,1,1,1, , , ,1,1,1,1,1,1,1,1, , ,1,1, , , , ,1, , , , ,1,1,1,1, ,1,1,36, 
COI_14, ,1,1, , ,1,1,1,1,1, ,1, ,1,1,1,1, ,1,1, ,1,1,1,1,1, , , ,1,1,1,1,1,1,1,1, , ,1,1, , , , , , , , , ,1,1, ,1, ,1,1,34, 
COI_15,1,1,1,1,1,1,1,1,1,1,1,1,1,1,1,1,1,1,1,1,1,1,1,1,1,1,1,1,1,1,1,1,1,1,1,1,1,1,1,1,1,1,1,1,1,1,1,1,1,1,1,1,1,1,1,1,1,57, 
COI_16, ,1, , , , , , , , , , , , , , , , , , , , , ,1, , , , , , , , , , , , ,1, , , , , , , , , , , , , , , , , , , , ,3, 
COI_17, ,1, , , , , , , , , , , , , , , , , , , , , ,1, , , , , , , , , , , , ,1, , ,1, , , , , , , , , , , , , , , , , ,4, 
COI_18, ,1, , , , , ,1, , , , , , , , , , , , , , , ,1,1, , , , , , , , , , ,1,1, , ,1, , , , , , , , , , , , , , , ,1, ,8, 
COI_19, , , , , , , , , , , , , , ,1,1,1, ,1, , , , , , , , , , , , , , , , , , , , , , , , , , , , , , , , , , , , , , ,4, 
COI_20, , , , , , , , , , , , , , , ,1,1, , , , , , , , , , , , , , , , , , , , , , , , , , , , , , , , , , , , , , , , ,2, 
COI_22, , , , , , , , , ,1, , , , , , , , , , , , , , , , , , , , , , ,1, , , , , ,1,1, , , ,1, , , , , , , , , , , , , ,5, 
COI_23, , , , , , , , , , , , , , , , ,1, ,1, , , , , , , , , , , , , , , , , , ,1, , , ,1, , , , , , , , , , , , , , , ,4, 
COI_25,1, , , , , , , , , , , , , , , , , ,1, ,1, ,1, , , , , , , , , ,1, , , , ,1, , ,1, , , , , , , , , , , , , , , , ,7, 
AOIS_59, , , , , , , , , , , , , , , ,1, , , , ,1, ,1, , , , , , , , , , , , , , , , , ,1, , , , , , , , , , , , , , , , ,4, 
AOIS_58, , , , , , , , , , , , , , , ,1, , , , ,1, ,1, , , , , , , , , , , , , , , , , ,1, , , , , , , , , , , , , , , , ,4, 
AOIS_57, , , , , , , , , , , , , , , ,1, , , , ,1, ,1, , , , , , , , , , , , , , , , , ,1, , , , , , , , , , , , , , , , ,4, 
AOIS_269, , , , , , , , , ,1, , , , , ,1,1, , , , , ,1, , , , , , , , , , , , , , , , , , , , , , , , , , , , , , , , , , ,4, 
AOIS_56, , , , , , , , , , , , , , , ,1, , , , ,1, ,1, , , , , , , , , , , , , , , , , ,1, , , , , , , , , , , , , , , , ,4, 
AOIS_55, , , , , , , , , , , , , , , ,1, , , , , , ,1, , , , , , , , , , , , , , , , , , , , , , , , , , , , , , , , , , ,2, 
AOIS_54, , , , , , , , , , , , , , , ,1, , , , , , , , , , , , , , , , , , , , , , , , , , , , , , , , , , , , , , , , , ,1, 
AOIS_53, , , , , , , , , , , , , , , ,1, , , , ,1, ,1, , , , , , , , , , , , , , , , , ,1, , , , , , , , , , , , , , , , ,4, 
AOIS_52, , , , , , , , , , , , , , , ,1, , , , , , , , , , , , , , , , , , , , , , , , , , , , , , , , , , , , , , , , , ,1, 
AOIS_146, , , , , , , , , , , , , , , , , , , , ,1, ,1, , , , , , , , , , , , , , , , , ,1, , , , , , , , , , , , , , , , ,3, 
AOIS_51, , , , , , , , , , , , , , , ,1, , , , ,1, ,1, , , , , , , , , , , , , , , , , ,1, , , , , , , , , , , , , , , , ,4, 
AOIS_50, , , , , , , , , , , , , , , , , , , , , , , , , , , , , , , , , , , , , , , , , , , , , , , , , , , , , , , , , ,0, 
AOIS_260, , , , , , , , , ,1, , , , , ,1,1, , , , , ,1, , , , ,1, , , , , , , , , , , , , , , , , , , , , , , , , , , , , ,5, 
AOIS_142, , , , , , , ,1, ,1, , , , , , ,1, ,1, , , ,1, ,1, , , , , , , , , , , ,1,1, ,1,1,1, ,1, , , , , , , , , , , ,1, ,13, 
AOIS_274, , , , , , , , , ,1, , , , , , ,1, , , , , ,1, , , , , , , , , , , , , , , , , , , , , , , , , , , , , , , , , , ,3, 
AOIS_275, , , , , , , , , , , , , , , , , , , , , , , , , , , , , , , , , , , , , , , , , , , , , , , , , , , , , , , , , ,0, 
AOIS_276, , , , , , , , , , , , , , , , , , , , , , , , , , , , , , , , , , , , , , , , , , , , , , , , , , , , , , , , , ,0, 
AOIS_49, , , , , , , , , , , , , , , , , , , , , , , , , , , , , , , , , , , , , , , , , , , , , , , , , , , , , , , , , ,0, 
AOIS_48,1,1,1,1,1, ,1, ,1,1,1,1,1, ,1,1,1,1,1,1,1,1,1,1,1,1, ,1,1, ,1, ,1,1,1,1,1,1,1,1,1,1,1,1,1,1,1, , , , ,1,1,1,1,1,1,47, 
AOIS_47,1,1,1,1,1, ,1, ,1,1,1,1,1, ,1,1,1,1,1,1,1,1,1,1,1,1, ,1,1, ,1, ,1,1,1,1,1,1,1,1,1,1,1,1,1,1,1, , , , ,1,1,1,1,1,1,47, 
AOIS_46, , , , , , , , , , , , , , , , , , , , , , , , , , , , , , , , , , , , , , , , , , , , , , , , , , , , , , , , , ,0, 
AOIS_45, , , , , , , , , , , , , , , , , , , , , , , , , , , , , , , , , , , , , , , , , , , , , , , , , , , , , , , , , ,0, 
AOIS_44,1,1,1,1,1, ,1, ,1,1,1, ,1, ,1,1,1,1,1,1,1,1,1,1,1,1, ,1,1, ,1, ,1,1, ,1,1,1,1,1,1,1, ,1,1,1,1, , , , ,1,1, ,1,1, ,42, 
AOIS_43,1,1,1,1,1, ,1, ,1,1,1, ,1, ,1,1,1,1,1,1,1,1,1,1,1,1, ,1,1, ,1, ,1,1, ,1,1,1,1,1,1,1, ,1,1,1,1, , , , ,1,1, ,1,1, ,42, 
AOIS_42,1,1,1,1,1, ,1, ,1,1,1, ,1, ,1,1,1,1,1,1,1,1,1,1,1,1, ,1,1, ,1, ,1,1, ,1,1,1,1,1,1,1, ,1,1,1,1, , , , ,1,1, ,1,1, ,42, 
ASRS_10, , , , , , , , , , , , , , ,1, , , ,1, , , , , , , , , , , , , , , , , , , , , , , , , , , , , , , , , , , , , , ,2, 
AOIS_41,1,1,1,1,1, ,1, ,1,1,1, ,1, ,1,1,1,1,1,1,1,1,1,1,1,1, ,1,1, ,1, ,1,1, ,1,1,1,1,1,1,1, ,1,1,1,1, , , , ,1,1, ,1,1, ,42, 
AOIS_40,1,1,1,1,1, ,1, ,1,1,1, ,1, ,1,1,1,1,1,1,1,1,1,1,1,1, ,1,1, ,1, ,1,1, ,1,1,1,1,1,1,1, ,1,1,1,1, , , , ,1,1, ,1,1, ,42, 
ASRS_12, , , , , , , , , , , , , , , ,1, , , , , , , , , , , , , , , , , , , , , , , , , , , , , , , , , , , , , , , , , ,1, 
AOIS_270, , , , , , , , , ,1, , , , , ,1,1, , , , , ,1, , , , , , , , , , , , , , , , , , , , , , , , , , , , , , , , , , ,4, 
ASRS_11, , , , , , , , , , , , , , , ,1, , , , , , , , , , , , , , , , , , , , , , , , , , , , , , , , , , , , , , , , , ,1, 
AOIS_154, , , , , , , , , , , , , , , , , , , , , , , , , , , , , , , , , , , , , , , , , , , , , , , , , , , , , , , , , ,0, 
ASRS_17,1,1,1,1,1,1,1,1,1,1,1,1,1,1,1,1,1,1,1,1,1,1,1,1,1,1,1,1,1,1,1,1,1,1,1,1,1,1,1,1,1,1,1,1,1,1,1,1,1,1,1,1,1,1,1,1,1,57, 
AOIS_39,1,1,1,1,1, ,1, ,1,1,1, ,1, ,1,1,1,1,1,1,1,1,1,1,1,1, ,1,1, ,1, ,1,1, ,1,1,1,1,1,1,1, ,1,1,1,1, , , , ,1,1, ,1,1, ,42, 
AOIS_161, , , , , , , , , , , , , , , , , , , , , , , , , , , , , , , , , , , , , , , , , ,1,1, , , , , , , , , , , , , , ,2, 
AOIS_38,1,1,1,1,1, ,1, ,1,1, , ,1, ,1, , ,1,1,1, ,1,1,1,1,1, ,1,1, , , ,1,1, ,1,1,1, ,1,1,1, ,1,1,1,1, , , , ,1,1, , ,1, ,35, 
AOIS_37,1,1,1,1,1, ,1, ,1,1, , ,1, ,1, , ,1,1,1, ,1,1,1,1,1, ,1,1, , , ,1,1, ,1,1,1,1,1,1,1, ,1,1,1,1, , , , ,1,1, , ,1, ,36, 
ASRS_3,1,1,1,1,1, ,1,1,1,1,1, ,1, ,1,1,1,1,1,1,1,1,1,1,1,1, ,1,1, ,1, ,1,1, ,1,1,1,1,1,1,1, ,1,1,1,1, , , , ,1,1, ,1,1, ,43, 
AOIS_36,1,1,1,1,1, ,1, ,1,1, , ,1, ,1, , ,1,1,1, ,1,1,1,1,1, ,1,1, , , ,1,1, ,1,1,1, ,1,1,1, ,1,1,1,1, , , , ,1,1, , ,1, ,35, 
ASRS_2,1,1,1,1,1,1,1,1,1,1,1,1,1,1,1,1,1,1,1,1,1,1,1,1,1,1,1,1,1,1,1,1,1,1,1,1,1,1,1,1,1,1,1,1,1,1,1,1,1,1,1,1,1,1,1,1,1,57, 
AOIS_35,1,1,1,1,1, ,1, ,1,1, , ,1, ,1, , ,1,1,1, ,1,1,1,1,1, ,1,1, , , ,1,1, ,1,1,1,1,1,1,1, ,1,1,1,1, , , , ,1,1, , ,1, ,36, 
ASRS_1,1,1,1,1,1,1,1,1,1,1,1,1,1,1,1,1,1,1,1,1,1,1,1,1,1,1,1,1,1,1,1,1,1,1,1,1,1,1,1,1,1,1,1,1,1,1,1,1,1,1,1,1,1,1,1,1,1,57, 
AOIS_34, , , , , , , , , , , , , , , , , , , , , , , , , , , , , , , , , , , , , , , , , , , , , , , , , , , , , , , , , ,0, 
AOIS_33, , , , , , , , , , , , , , , , , , , , , , , , , , , , , , , , , , , , , , , , , , , , , , , , , , , , , , , , , ,0, 
ASRS_7, , , , , , , , , , , , , , , ,1, , , , ,1, ,1, , , , , , , , , , , , , , , , , ,1, , , , , , , , , , , , , , , , ,4, 
AOIS_32, , , , , , , , , , , , , , , , , , , , , , , , , , , , , , , , , , , , , , , , , , , , , , , , , , , , , , , , , ,0, 
ASRS_6, , , , , , , , , , , , , , , ,1, , , , , , ,1, , , , , , , , , , , , , , , , , , , , , , , , , , , , , , , , , , ,2, 
AOIS_31, , , , , , , , , , , , , , , , , , , , , , , , , , , , , , , , , , , , , , , , , , , , , , , , , , , , , , , , , ,0, 
ASRS_5, , , , , , , , , , , , , , , ,1, , , , , , ,1, , , , , , , , , , , , , , , , , , , , , , , , , , , , , , , , , , ,2, 
ASRS_4,1,1,1,1,1,1,1,1,1,1,1,1,1,1,1,1,1,1,1,1,1,1,1,1,1,1,1,1,1,1,1,1,1,1,1,1,1,1,1,1,1,1,1,1,1,1,1,1,1,1,1,1,1,1,1,1,1,57, 
VDL_7, , , , , , , , , , , , , , , ,1, , , , ,1, ,1, , , , , , , , , , , , , , , , , ,1, , , , , , , , , , , , , , , , ,4, 
ASRS_9, , , , , , , , , , , , , , , ,1, , , , , , , , , , , , , , , , , , , , , , , , , , , , , ,1, , , , , , , , , , , ,2, 
AOIS_165, , , , , , , , , ,1, , , , , , , , , , , , , , , , , , , , , , ,1, , , , , , , , , , ,1, , , , , , , , , , , , , ,3, 
ASRS_8, , , , , , , , , , , , , , , ,1, , , , , , ,1, , , , , , , , , , , , , , , , , , , , , , , , , , , , , , , , , , ,2, 
AOIS_164, , , , , , , , , ,1, , , , , , , , , , , , ,1, , , , , , , , , ,1, , , , , , , ,1,1, ,1, , , , , , , , , , , , , ,6, 
AOIS_171, , , , , , , , , ,1, , , , , , , , , , , , , , , , , , , , , , ,1, , , , , , , , , , ,1, , , , , , , , , , , , , ,3, 
AOIS_26, , , , , , , , , , , , , , , , , , , , , , , , , , , , , , , , , , , , , , , , , , , , , , , , , , , , , , , , , ,0, 
AOIS_25, , , , , , , , , , , , , , , , , , , , , , , , , , , , , , , , , , , , , , , , , , , , , , , , , , , , , , , , , ,0, 
AOIS_24, , , , , , , , , , , , , , , , , , , , , , , , , , , , , , , , , , , , , , , , , , , , , , , , , , , , , , , , , ,0, 
AOIS_23, , , , , , , , , , , , , , , , , , , , , , , , , , , , , , , , , , , , , , , , , , , , , , , , , , , , , , , , , ,0, 
AOIS_175, , , , , , , , , , , , , , , , , , , , , , , , , , , , , , , , , , , , , , , , , , , , , , , , , , , , , , , , , ,0, 
ODL_5,1,1,1,1,1,1,1,1,1,1,1,1,1,1,1,1,1,1,1,1,1,1,1,1,1,1,1,1,1,1,1,1,1,1,1,1,1,1,1,1,1,1,1,1,1,1,1,1,1,1,1,1,1,1,1,1,1,57, 
AOIS_105,1,1,1,1,1,1,1,1,1,1,1,1,1,1,1,1,1,1,1,1,1,1,1,1,1,1,1,1,1,1,1,1,1,1,1,1,1,1,1,1,1,1,1,1,1,1,1,1,1,1,1,1,1,1,1,1,1,57, 
AOIS_99, , , , , , , , , , , , , , , , , , , , , , , , , , , , , , , , , , , , , , , , , , , , , , , , , , , , , , , , , ,0, 
AOIS_104, ,1, , , , , ,1, , , , , , , , , , , , , , , ,1,1, , , , , , , , , , ,1,1, , ,1, , , , , , , , , , , , , , , ,1, ,8, 
AOIS_98, ,1, , , , , , , , , , , , , , , , , , , , , ,1, , , , , , , , , , , , ,1, , , , , , , , , , , , , , , , , , , , ,3, 
AOIS_103, , , , , , , , , , , , , , , ,1, , , , , , , , , , , , , , , , , , , , , , , , , , , , , , , , , , , , , , , , , ,1, 
AOIS_97, ,1, , , , , , , , , , , , , , , , , , , , , ,1, , , , , , , , , , , , ,1, , , , , , , , , , , , , , , , , , , , ,3, 
AOIS_102, , , , , , , ,1, , , , , , , ,1, , , , , , , ,1,1, , , , , , , , , , ,1,1, , ,1, , , , , , , , , , , , , , , ,1, ,8, 
AOIS_96, ,1, , , , , , , , , , , , , , , , , , , , , ,1,1, , , , , , , , , , ,1,1, , ,1, , , , , , , , , , , , , , , ,1, ,7, 
AOIS_101, , , , , , , , , , , , , , ,1, , , ,1, , , , , , , , , , , , , , , , , , , , , , , , , , , , , , , , , , , , , , ,2, 
AOIS_95, , , , , , , , , , , , , , , , , , , , , , , ,1,1, , , , , , , , , , ,1,1, , ,1, , , , , , , , , , , , , , , ,1, ,6, 
AOIS_100, , , , , , , , , , , , , , , , , , , , , , , , , , , , , , , , , , , , , , , , , , , , , , , , , , , , , , , , , ,0, 
AOIS_94, ,1, , , , , , , , , , , , , , , , , , , , , ,1,1, , , , , , , , , , ,1,1, , ,1, , , , , , , , , , , , , , , ,1, ,7, 
AOIS_93, , , , , , , , , , , , , , , , , , , , , , , ,1,1, , , , , , , , , , ,1,1, , ,1, , , , , , , , , , , , , , , ,1, ,6, 
AOIS_92, ,1, , , , , , , , , , , , , , , , , , , , , ,1, , , , , , , , , , , , ,1, , , , , , , , , , , , , , , , , , , , ,3, 
AOIU_30, , , , , , , ,1, , , , , , , , , , , , , , , , ,1, , , , , , , , , , , , , , , , , , , , , , , , , , , , , , , , ,2, 
AOIS_109, , , , , , , , , , , , , , ,1,1,1, ,1, , , , , , , , , , , , , , , , , , , , , , , , , , , , , , , , , , , , , , ,4, 
AOIU_32, , , , , , , , , , , , , , , ,1, , , , ,1, ,1, , , , , , , , , , , , , , , , , ,1, , , , , ,1, , , , , , , , , , ,5, 
AOIS_108, , , , ,1, , , , , , , , , ,1,1,1, ,1, , , , , , , , , , , , , , , , , , , , , , , , , , , , , , , , , , , , , , ,5, 
AOIS_107, , , , , , , , , , , , , , ,1,1,1, ,1, , , , , , , , , , , , , , , , , , , , , , , , , , , , , , , , , , , , , , ,4, 
AOIU_34, , , , , , , , , ,1, , , , , , , , , , , , , , , , , , , , , , ,1, , , , , , , , , , ,1, , , , , , , , , , , , , ,3, 
AOIS_106,1,1,1,1,1,1,1,1,1,1,1,1,1,1,1,1,1,1,1,1,1,1,1,1,1,1,1,1,1,1,1,1,1,1,1,1,1,1,1,1,1,1,1,1,1,1,1,1,1,1,1,1,1,1,1,1,1,57, 
AOIS_227, , , , , , , , , , , , , , , , , , , , ,1, , , , , , , , , , , , , , , , , , , , , , , , , , , , , , , , , , , , ,1, 
AOIS_229, , , , , , , , , , , , , , , , , , , , , , , , , , , , , , , , , , , , , , , , , , , , , , , , , , , , , , , , , ,0, 
AOIS_234,1, ,1, , , , ,1, , , , , , , , , , ,1, ,1, , ,1,1, , , , , , , ,1, , , ,1, , ,1,1, , , , , , , , , , , , , , ,1,1,13, 
AOIS_89, ,1, , , , , , , , , , , , , , , , , , , , , ,1, , , , , , , , , , , , ,1, , , , , , , , , , , , , , , , , , , , ,3, 
AOIS_237, , ,1, , , , ,1, , , , , , , , , , ,1, ,1, , ,1,1, , , , , , , ,1, , , ,1, , ,1,1, , , , , , , , , , , , , , ,1,1,12, 
AOIS_88,1,1,1,1,1,1,1,1,1,1,1,1,1,1,1,1,1,1,1,1,1,1,1,1,1,1,1,1,1,1,1,1,1,1,1,1,1,1,1,1,1,1,1,1,1,1,1,1,1,1,1,1,1,1,1,1,1,57, 
AOIS_116, , , , ,1, , , , , , , , , ,1, , , ,1, , ,1, , ,1, , , , , ,1,1, , ,1,1, , , ,1, , , , , , , , , , , , , ,1, ,1, ,12, 
AOIS_87, , , , , , , , , , , , , , , , , , , , , , , ,1,1, , , , , , , , , , ,1,1, , ,1, , , , , , , , , , , , , , , ,1, ,6, 
AOIS_115, , , , , , , , , , , , , , , , , , , , , , , , , , , , , , , , , , , , , , , , , , , , , , , , , , , , , , , , , ,0, 
AOIS_86, , , , , , , , , , , , , , ,1,1,1, ,1, , ,1, ,1,1, , , , , ,1, , , ,1,1,1, , ,1, , , , , , , , , , , , , , , ,1, ,13, 
AOIS_114, , , , , , , , , , , , , , , , , , , , , , , , , , , , , , , , , , , , , , , , , , , , , , , , , , , , , , , , , ,0, 
AOIS_113, , , , , , , , , , , , , , , , , , , , , , , , , , , , , , , , , , , , , , , , , , , , , , , , , , , , , , , , , ,0, 
AOIS_85, , ,1, , , , ,1, , , , , , ,1,1,1, ,1, , ,1, ,1,1, , , , , ,1, , , ,1,1,1, , ,1, , , , , , , , , , , , , , , ,1,1,16, 
AOIS_112, , , , , , , , , , , , , , , , , , , , , , , , , , , , , , , , , , , , , , , , , , , , , , , , , , , , , , , , , ,0, 
AOIS_84, , , , , , , , , , , , , , ,1,1,1, ,1, , ,1, ,1,1, , , , , ,1,1, , ,1,1,1, , ,1, , , , , , , , , , , , , ,1, ,1, ,15, 
AOIS_83, , ,1, , , , ,1, , , , , , ,1,1,1, ,1, , ,1, ,1,1, , , , , ,1, , , ,1,1,1, , ,1, , , , , , , , , , , , , , , ,1,1,16, 
AOIS_111, , , , , , , , , , , , , , , , , , , , , , , , , , , , , , , , , , , , , , , , , , , , , , , , , , , , , , , , , ,0, 
AOIS_82, , ,1, ,1, , ,1, , ,1, , , ,1,1,1, ,1, , ,1, ,1,1, , , , , ,1, , , ,1,1,1, , ,1, , , , , , , , , , , , ,1, , ,1,1,19, 
AOIS_110, , , , , , , , , , , , , , ,1,1,1, ,1, , , , , , , , , , , , , , , , , , , , , , , , , , , , , , , , , , , , , , ,4, 
AOIS_81, , , , ,1, , , , , , , , , ,1,1, , ,1, , ,1, , ,1, , , , , ,1, , , ,1,1, , , ,1, , , , , , , , , , , , , , , ,1, ,11, 
AOIS_91, ,1, , , , , , , , , , , , , , , , , , , , , ,1, , , , , , , , , , , , ,1, , , , , , , , , , , , , , , , , , , , ,3, 
AOIS_90, ,1, , , , , , , , , , , , , , , , , , , , , ,1, , , , , , , , , , , , ,1, , , , , , , , , , , , , , , , , , , , ,3, 
AOIU_20, , , , , , , , , , , , , , , , , , , , , , , , , , , , , , , , , , , , , , , , , , , , , , , , , , , , , , , , , ,0, 
AOIU_21, , , , , , , ,1, ,1, , , , , ,1, , , ,1, , ,1,1,1, , , , , , , , , , , ,1, , , , , , , , , , , , , , , , , , , , ,8, 
AOIS_239, , , , , , , ,1, , , , , , , , , , ,1, ,1, , ,1,1, , , , , , , ,1, , , ,1, , ,1,1, , , , , , , , , , , , , , ,1, ,10, 
AOIU_27, , , , , , , , , , , , , , , , , , , , , , , , , , , , , , , , , , , , , , , , , , , , , , , , , , , , , , , , , ,0, 
AOIU_28, , , , , , , , , ,1, , , , , , , , , , , , , , , , , , , , , , , , , , , , , , , , , , , , , , , , , , , , , , , ,1, 
AOIS_243, , , , , , , , , , , , , , , , , , , , ,1, , , , , , , , , , , ,1, , , , , , , ,1, , , , , , , , , , , , , , , , ,3, 
AOIS_79, , , , , , , , , , , , , , , , , , , , , , , , , , , , , , , , , , , , , , , , , , , , , , , , , , , , , , , , , ,0, 
AOIS_78, , , , , , , , , , , , , , , , , , , , , , , , , , , , , , , , , , , , , , , , , , , , , , , , , , , , , , , , , ,0, 
AOIS_77, , , , , , , , , , , , , , , , , , , , , , , , , , , , , , , , , , , , , , , , , , , , , , , , , , , , , , , , , ,0, 
AOIS_76,1,1,1,1,1, ,1, ,1,1,1,1,1, ,1,1,1,1,1,1,1,1,1,1,1,1, ,1,1, ,1, ,1,1,1,1,1,1,1,1,1,1,1,1,1,1,1, , , , ,1,1,1,1,1,1,47, 
AOIS_75,1,1,1,1,1, ,1, ,1,1,1,1,1, ,1,1,1,1,1,1,1,1,1,1,1,1, ,1,1, ,1, ,1,1,1,1,1,1,1,1,1,1,1,1,1,1,1, , , , ,1,1,1,1,1,1,47, 
AOIS_125, , , , , , , ,1, ,1, , , , , , ,1,1,1, ,1, ,1,1,1, , , , , , , ,1, , , ,1,1,1,1,1,1, ,1, , , , , , , , , , , ,1, ,18, 
AOIS_74, , , , , , , , , , , , , , , , , , , , , , , , , , , , , , , , , , , , , , , , , , , , , , , , , , , , , , , , , ,0, 
AOIS_73, , , , , , , , , , , , , , , , , , , , , , , , , , , , , , , , , , , , , , , , , , , , , , , , , , , , , , , , , ,0, 
AOIS_123, , , , , , ,1,1, ,1, , , , , , ,1,1,1, ,1, ,1,1,1, , , , , , , ,1, , , ,1,1,1,1,1,1, ,1, , , , , , , ,1, , , ,1, ,20, 
AOIS_72, , , , , , , , , , , , , , , ,1, , , , ,1, ,1, , , , , , , , , , , , , , , , , ,1, , , , , , , , , , , , , , , , ,4, 
LOI_19, , , , , , , , , , , , , , , , , , , , , , , , , , , , , , , , , , , , , , , , , , , , , , , , , , , , , , , , , ,0, 
AOIS_71, , , , , , , , , , , , , , , ,1, , , , ,1, ,1, , , , , , , , , , , , , , , , , ,1, , , , , , , , , , , , , , , , ,4, 
AOIS_70, , , , , , , , , , , , , , , ,1, , , , , , ,1, , , , , , , , , , , , , , , , , , , , , , , , , , , , , , , , , , ,2, 
AOIS_80, , ,1, ,1, , ,1, , ,1, , , ,1,1,1, ,1, , ,1, ,1,1, , , , , ,1, , , ,1,1,1, , ,1, , , , , , , , , , , , ,1, , ,1,1,19, 
LOI_25, , ,1, , , , ,1, , , ,1, , , ,1, , , , , , , , ,1, , , , , ,1, , ,1,1, , , , , , , , , , , , , , , , , , , , , ,1,9, 
LOI_26, ,1, , , , , , , , , , , , , , , , , , , , , ,1, , , , , , , , , , , , ,1, , , , , , , , , , , , , , , , , , , , ,3, 
LOI_27, , , , , , , ,1, , , , , , , , , , , , , , , ,1,1, , , , , , , , , , ,1,1, , ,1, , , , , , , , , , , , , , , ,1, ,7, 
LOI_28, , , , , , , , , , , , , , , , , , , , , , , , , , , , , , , , , , , , , , , , , , , , , , , , , , , , , , , , , ,0, 
AOIU_10, , , , , , , , , , , , , , , ,1, , , , ,1, ,1, , , , , , , , , , , , , , , , , ,1, , , , , , , , , , , , , , , , ,4, 
LOI_21, , , , , , , , , , , , , , , ,1, , , , ,1, ,1, , , , , , , , , , , , , , , , , ,1, , , , , , , , , , , , , , , , ,4, 
AOIU_11, , , , , , , , , , , , , , , ,1, , , , ,1, ,1, , , , , , , , , , , , , , , , , ,1, , , , , , , , , , , , , , , , ,4, 
LOI_22, , , , , , , , , , , , , , , ,1, , , , ,1, ,1, , , , , , , , , , , , , , , , , ,1, , , , , , , , , , , , , , , , ,4, 
AOIU_12, , , , , , , , , , , , , , , ,1, , , , ,1, ,1, , , , , , , , , , , , , , , , , ,1, , , , , , , , , , , , , , , , ,4, 
LOI_23, , , , , , , , , , , , , , , ,1, , , , ,1, ,1, , , , , ,1, , , , , , , , , , , , , , , , , , , , , , , , , , , , ,4, 
AOIU_13, , , , , , , , , , , , , , , , , , , , , , , , , , , , , , , , , , , , , , , , , , , , , , , , , , , , , , , , , ,0, 
LOI_24,1, ,1, ,1, , ,1, ,1,1,1, , ,1,1,1, ,1,1, ,1,1,1,1, , , , , ,1, ,1,1,1,1,1, , ,1,1, , , , ,1, , , , , , ,1, , ,1,1,28, 
AOIU_14, , , , , , , , , , , , , , , ,1, , , , ,1, ,1, , , , , , , , , , , , , , , , , ,1, , , , , , , , , , , , , , , , ,4, 
AOIU_15, , , , , , , , , , , , , , , ,1, , , , ,1, ,1, , , , , , , , , , , , , , , , , ,1, , , , , , , , , , , , , , , , ,4, 
AOIU_16, , , , , , , , , , , , , , , ,1, , , , ,1, ,1, , , , , ,1, , , , , , , , , , , , , , , , , , , , , , , , , , , , ,4, 
LOI_20, , , , , , , , , , , , , , , ,1, , , , ,1, ,1, , , , , , , , , , , , , , , , , ,1, , , , , , , , , , , , , , , , ,4, 
AOIU_17, , , , , , , ,1, ,1, ,1, , , , , , , ,1, , ,1, ,1, , , , , , , , ,1, , , , , , , , , , , ,1, , , , , , , , , , , ,8, 
AOIU_18, , , , , , , , , , , , , , , , , , , , , , , ,1, , , , , , , , , , , , ,1, , , , , , , , , , , , , , , , , , , , ,2, 
AOIU_19, , , , , , , , , , , , , , , ,1, , , , , , , , , , , , , , , , , , , , , , , , , , , , , ,1, , , , , , , , , , , ,2, 
AOIS_253, , , , , , , , , ,1, , , , , , , , , , , , ,1, , , , , , , , , , , , , , , , , , , , , , , , , , , , , , , , , , ,2, 
AOIS_254, , , , , , , , , ,1,1, , , , ,1,1, , , , , ,1, , , , , , , , , , , , , , , , , , , , , , , , , , , , , , , , , , ,5, 
AOIS_256, , , , , , , , , ,1,1, , , , ,1,1, , , , , ,1, , , , , , , , , , , , , , , , , , , , , , , , , , , , , , , , , , ,5, 
AOIS_69, , , , , , , , , , , , , , , ,1, , , , ,1, ,1, , , , , , , , , , , , , , , , , ,1, , , , , , , , , , , , , , , , ,4, 
AOIS_68, , , , , , , , , , , , , , , ,1, , , , ,1, ,1, , , , , , , , , , , , , , , , , ,1, , , , , , , , , , , , , , , , ,4, 
AOIS_67, , , , , , , , , , , , , , , ,1, , , , ,1, ,1, , , , , , , , , , , , , , , , , ,1, , , , , , , , , , , , , , , , ,4, 
AOIS_259, , , , , , , , , ,1, , , , , ,1,1, , , , , ,1, , , , ,1, , , , , , , , , , , , , , , , , , , , , , , , , , , , , ,5, 
AOIS_66, , , , , , , , , , , , , , , , , , , , , , , , , , , , , , , , , , , , , , , , , , , , , , , , , , , , , , , , , ,0, 
AOIS_138, , , , , , , , , , , , , , , , , , , , , , , , , , , , , , , , , , , , , , , , , , , , , , , , , , , , , , , , , ,0, 
AOIS_65, , , , , , , , , , , , , , , , , , , , , , , , , , , , , , , , , , , , , , , , , , , , , , , , , , , , , , , , , ,0, 
AOIS_64, , , , , , , , , , , , , , , , , , , , , , , , , , , , , , , , , , , , , , , , , , , , , , , , , , , , , , , , , ,0, 
AOIS_63, , , , , , , , , , , , , , , , , , , , , , , , , , , , , , , , , , , , , , , , , , , , , , , , , , , , , , , , , ,0, 
AOIS_62, , , , , , , , , , , , , , , ,1, , , , , , ,1, , , , , , , , , , , , , , , , , , , , , , , , , , , , , , , , , , ,2, 
AOIS_61, , , , , , , , , , , , , , , ,1, , , , ,1, ,1, , , , , , , , , , , , , , , , , ,1, , , , , , , , , , , , , , , , ,4, 
AOIS_60, , , , , , , , , , , , , , , ,1, , , , , , ,1, , , , , , , , , , , , , , , , , , , , , , , , , , , , , , , , , , ,2, 
LOI_14,1,1,1,1,1, ,1, ,1,1,1,1,1, ,1,1,1,1,1,1,1,1,1,1,1,1, ,1,1, ,1, ,1,1,1,1,1,1,1,1,1,1,1,1,1,1,1, , , , ,1,1,1,1,1,1,47, 
LOI_15, , , , , , , , , , , , , , , ,1, , , , ,1, ,1, , , , , , , , , , , , , , , , , ,1, , , , , , , , , , , , , , , , ,4, 
LOI_16, , , , , , , , , , , , , , , ,1, , , , ,1, ,1, , , , , , , , , , , , , , , , , ,1, , , , , , , , , , , , , , , , ,4, 
LOI_17, , , , , , , , , , , , , , , ,1, , , , ,1, ,1, , , , , , , , , , , , , , , , , ,1, , , , , , , , , , , , , , , , ,4, 
LOI_10,1,1,1,1,1, ,1, ,1,1, , ,1, ,1, , ,1,1,1, ,1,1,1,1,1, ,1,1, , , ,1,1, ,1,1,1, ,1,1,1, ,1,1,1,1, , , , ,1,1, , ,1, ,35, 
LOI_11,1,1,1,1,1, ,1, ,1,1,1, ,1, ,1,1,1,1,1,1,1,1,1,1,1,1, ,1,1, ,1, ,1,1, ,1,1,1,1,1,1,1, ,1,1,1,1, , , , ,1,1, ,1,1, ,42, 
LOI_12,1,1,1,1,1, ,1, ,1,1,1, ,1, ,1,1,1,1,1,1,1,1,1,1,1,1, ,1,1, ,1, ,1,1, ,1,1,1,1,1,1,1, ,1,1,1,1, , , , ,1,1, ,1,1, ,42, 
